PC1,PC2,PC3,PC4,PC5,PC6,PC7,PC8,PC9,PC10,PC11,PC12
0.6511626550373191,-1.1064308886756171,3.0710507902126296,2.5753711807834767,0.11726839023284155,0.35866347150613415,0.9688130300030365,-0.20219096910143722,1.6761686356350713,-0.4271445955949103,0.1328515048108751,0.5619152293884501
3.2597546536687596,-1.5806807595481867,-0.47840667429155337,-0.7666339815312727,-0.20352525137088862,-0.3916238378309041,0.480637321794578,1.1108029039330911,-0.48998514376142677,1.425112345468349,-1.0201405412631912,-0.8860174250680924
2.9002024515968983,0.42623877965235685,-0.42839384847456274,-0.35631070970838075,-0.057248987005563044,-0.5997783593685235,0.8021055134272841,0.6085813713429713,0.39635560002685055,0.35952328363469516,-0.11829949322571295,1.3662687080522673
-0.7144113021747935,1.347817877172154,0.2911299072433578,2.734651788996752,1.0560455043364914,-0.5262536465188293,-0.6786023557119505,-2.1780716036412793,-0.15829505277530853,0.11641342471961669,-1.7466603762824742,0.1453625297287258
-2.380294942904527,-0.2918612856086497,-0.05407782351861935,0.9467221320517726,0.9686456822410388,-0.3215405234448087,0.7057883441269911,-0.34495313123447696,-1.1926767430201262,0.5394478144711357,0.8731234099505166,-0.009617674296870226
-2.3107389285030684,0.4168960249697422,0.48369531019235684,0.0034097534219223523,-0.4030328789991372,-0.788770061725383,-0.45373601288680415,0.10718633562288488,0.541565719442207,0.5501381498102333,-0.7184239004738743,0.5251536397101056
2.4531271783000808,-1.7451541049805066,-0.845375378158329,1.5795362726671283,0.37938706874814776,-1.4591183947466182,0.6694485859347725,-1.813060014428739,-1.4441521752422233,-0.1536363394007407,-0.6262670641326995,0.45739108310502313
-1.0093641965741245,-0.943757517649463,-2.4495276712547676,-0.9117868144996487,0.2814328943473289,1.2834379936440892,-1.2770262138168196,-0.540619923788751,0.7559222268539147,0.7387594581764223,-0.422895426106594,0.7039282326940964
1.6504305634322283,0.009461973724106447,0.20485036107744858,-0.36466175599543255,0.5126176788900793,-1.0456258078995093,0.2797607657363711,0.3181934858236963,0.021813483958828102,-1.3857730031967255,-0.0964779634117856,0.4399025423365705
2.4743236803236446,0.7524219780813388,1.6111924655337242,1.6588073315320002,0.899112279314963,2.1914337124730583,0.9372196944770186,-0.8122740132399111,0.10120140299337556,-0.4829725684686137,-0.4682139674197229,1.229125703743131
-0.29179773637263745,1.0330742672019981,0.2021174375884638,0.5295808956471961,-0.846456855876071,0.2040535276495788,-0.6029459679741932,0.8714828782284345,-0.273054645499983,-1.4612621766640796,-0.5211483265817745,0.27556100168988074
-1.0191016586171164,-1.9346823111236848,-0.48156928686423156,1.5737220034692418,0.8837944989251645,-0.3974547216288208,0.21327385650574285,-0.016205324478807143,0.3227199825040932,0.041833515997513455,0.381193406717241,-0.10876123792615978
1.6761867128017065,-0.11835256621058762,1.4746223021989016,-0.6779511874714973,0.40613789792127153,1.6491280317125918,1.1505896544163654,-0.37129927685282477,0.9011402097127423,0.44254925822706004,0.5401007298253161,0.07488799061288763
-2.0861047288844126,1.2791720378896327,0.8000449354020635,-0.5675537564778543,0.37671756153444796,-0.4866090568467476,-1.3066656963049088,-0.17183512190860403,0.9236826173055219,-0.31740938249990996,0.8029357484723919,-0.021011312665588793
-0.7663842165442432,-0.11671641481407954,3.0202297603387254,-0.17744733586149655,-0.888404648953577,1.8946453666304754,-1.2186963630186445,0.3737944709718567,-0.7041006850381438,-1.0043993287357673,-0.08465024833558257,-0.23274088971271392
-1.5543521770414457,0.4407653495832243,0.9029028494756016,0.6070062510737811,-0.8069786351267912,-0.2627980245077783,-0.6909635746224487,0.8542933534066877,-1.2850294530031687,0.19258207607443698,-1.3575564053016667,0.5407796308570384
-0.3648775644074695,1.830048029495643,0.6703306380791122,1.6811732965867756,0.13521462301037765,-0.8971188338438553,-0.4275886807826573,-1.0211834459207092,1.3197475935835403,-0.7227140708917039,0.7120570085160914,0.4552285830982088
-1.2476208449436659,0.3340801440428164,-0.17909742579690338,-0.21549447147496933,-0.3902456585469316,0.07767545029325196,-0.7744244502904467,0.3957854630940962,-0.5729035220435901,-0.39320900389007635,-1.6952424640044745,-0.1071988614324574
-1.9650033842225658,-0.5722480762544118,-1.3320239241941432,0.07011712324043617,-0.6020178443586415,0.3524736670609642,-0.5893932348762608,-0.172471055491321,-0.025145623859151464,-0.1283488353118046,0.3355144448275407,-1.0009390282154174
-2.3302402162466582,0.28231963275531546,0.48127173051691224,-0.021276445756603042,0.05907452953940771,-0.510705456020579,-0.8621051197546614,-0.006531414893162631,0.491701465115996,0.5814181927946802,-0.6451182387372967,-0.3533251403088416
-0.2556513958456545,0.2665786724202355,0.1579828042885934,1.4947683539265237,0.3205970734567429,-0.49945332959017996,1.4868187300010496,1.2315034638985278,1.7056823123240177,1.9659822289822395,0.043036576282900196,1.1620233214492317
-1.728603978731838,-2.9290927487757528,1.784341251502677,0.609138168737408,0.16768024368991472,1.0344936243488254,0.5560540210501087,-0.39020715567027037,0.4769362367925079,0.5574789466793649,0.720414322439488,-0.14565057340094698
-0.4876845031113174,-0.465229751758948,0.2674367469691918,0.9662360047942598,1.1189709929571663,-1.2385526169854235,0.7057638160797972,-0.04392451834752608,1.1174393728042937,0.2189492447182309,-0.6978281707460935,0.12088886050690212
1.5434135135979035,0.1949472507003539,1.2890791300024385,-0.8341800042807898,0.6174250999545489,-2.18706937427006,-0.048218674000303594,-0.5404082561234336,-1.1649769511778583,0.12078383546582018,0.13184460220437655,0.7795752685063772
3.692695392119609,0.9470688400826817,-0.0033895350526661145,-0.5251393647285131,0.2772974514942707,-0.6818311920600078,0.6427142378404564,0.2233324896811513,-0.8256716161254152,0.5589697378300316,0.4702180519957018,0.33572390188138335
-1.414208832916397,0.1241546181964701,-1.0967662315105637,1.6052510389837618,-0.7112341366769377,-0.06834020519353219,0.00667099934294263,-0.9669166019164285,-0.29919748485497416,-0.1726257520678887,0.008417279820561115,0.2778933124572198
-2.2460544702683,-1.4101771720544984,-1.4456055818562417,-0.6129886733951704,-0.13491041160538567,-0.02902665565064495,-1.0953829809060776,-0.7105076784877984,0.778025679598057,-0.21151130653677866,-0.06895907470887747,0.2957873222729542
0.1735894672089456,-1.5348184138777612,-0.18101699850296152,3.976518653423694,-1.7000389694416873,-0.6332855198052143,-0.27428834498194693,0.47757625649750074,0.8451969501367728,0.44997223926406016,0.28911181328375063,-0.4250725276447029
-1.5176110943995502,0.5880164119047177,0.12002168188523385,-0.012191542738794185,0.35633606452486394,0.28195621827636963,-1.234463633417728,-0.16888439171085343,-1.1818080034734229,-0.20249727954338007,-1.7115758883225916,-0.5696404883775481
2.113136698042209,2.964282201741965,-0.6707308600399217,0.46644426017242824,0.9736330478323475,0.5237576432956769,1.3562265292631555,0.293745105473251,-0.3472653390449675,-0.04373821982293644,0.9451674697739434,-0.6304687291959504
-0.9851600884726367,-2.087593989049243,0.22836098003377117,0.5307817459623518,-2.055954965781312,-1.6481152227068931,-0.5658992472750002,0.08548986166762174,-0.04771069145177949,1.5767735761221524,0.5314629876256495,0.4920429376760675
1.6128429637267534,0.7785878973818551,1.200330888661948,-2.2080870860266884,-1.3364468732742143,1.2959878307882056,0.015171400363723744,-1.2540559636521007,0.24091417701736867,0.5945385528834185,0.008180115669282227,1.1600943003065778
-1.1255257522561712,-1.0638280674315244,-0.16599688030358903,-0.9263023590182452,-0.16461512196578876,-0.33255305050283346,-1.4081726366108864,0.6043180458328555,0.9356820443054162,-0.15372510348569476,-1.2330759836541103,-0.47292192825864704
-0.21392855760971619,0.817166732517541,0.19567461154566604,0.18572732184564564,-0.4072280672223492,0.02554268634714631,-1.093322590031421,0.45413622184742547,0.2527674181854751,-1.671761898012718,-0.449909773140606,0.7729143588001491
-1.7695119427214019,1.3172400620873745,-0.15287856473653294,-0.4395192765947428,0.4877021436771052,0.9678735163042684,-0.8193783805930483,0.17502706738430343,-0.2481333568056167,1.5201287557835095,-0.6573630996653549,0.36156820273829576
-2.225373365110713,0.9950896586717319,0.05811118115977174,-0.5853595126057194,0.21082474155565645,0.43306473079865027,-0.8012540940088175,-0.030484702582226315,-1.1402249193749445,-0.38266363230396544,-1.1972460336623405,-0.42365254580157746
2.351525179268151,2.52297990594234,-0.4396858513044789,0.6625306360413876,1.0795045076751326,0.4734457898072922,0.9473947723972426,0.34913064850302483,-0.5357586985519008,0.01438220363149303,0.6380122628581166,-0.4128287602506115
2.085556523924983,-0.14751757557845627,-0.47134202936140757,-0.3340980087780795,0.7477768752168557,0.7235127032105587,0.026208317136021484,1.527378809699587,0.2781360305617992,0.05521676919636423,0.017687345897829134,-0.6611838334497538
2.477322105466796,0.5195010503905529,-0.8912019246808786,-0.9232640098304022,0.47209185019768674,0.2983474708112975,-1.7440897839098255,-0.45189031095799354,1.134371187392843,0.19898873862277514,-0.02174131812152143,-0.6598327237462168
0.36025729676056517,-0.49291041916025036,1.1753650750440754,0.6870436403214705,-1.103835964733745,2.607003733359945,0.01156938439733607,0.28657829842052385,0.9385281458000068,0.855236312047497,-1.202444861636053,-0.017304048197157317
3.26551294211245,-1.444491330460123,-0.3676669091654326,-0.6513198429036987,-0.9643880036357071,-1.3632071292759345,0.5276673766174179,0.07568218430548651,-1.7359089682892737,-0.850209370427659,1.7012226342606447,-0.7680038886325324
-1.3989539280528276,1.861190119142982,1.5457996276750323,0.6058596268472469,0.6277589826333851,0.3215956105127189,-1.6767895945395241,0.4054040562378765,0.050095390256413005,1.8463462636462853,1.1772298800180188,0.5360157864687362
-1.0061492162864922,-3.0650603610950133,0.02980628421270358,-0.4298669794224393,-1.473773600155867,-0.9639325164533402,-1.5132605845635025,0.3245601356053325,-0.3092880698031332,0.8968925069277248,0.10403343133574922,0.2573119457840202
-0.9972151005130513,-0.5787405483367962,1.999229916645142,0.15682893731688347,-1.3826857146050757,1.3980476502725159,-0.03791996629937788,-0.1109851542202182,-0.13330163285574248,-0.10279777106989041,-1.5310048154667155,-0.04422037551249284
-1.1626046323077468,-2.0359904222102143,-1.4727424395333677,-1.0157399926497037,1.0305547783791746,0.05518939085496006,-0.007850660909548465,-0.03580647870147784,-0.22437863479907266,-0.8580800990737735,-0.16324557803044,0.3183560706577369
1.8270230719589031,0.880201041541728,0.6627162706500274,-0.0013891288540485035,0.8383494370057181,-1.947394081156963,0.5955049383699673,-0.8377914713676645,-0.12099053992912692,-0.5695555314827258,0.48751648056517,0.6238863714724064
-1.5671398786852944,1.5482139197605866,-0.498853849252423,0.04375693821815214,-1.45736916069622,-0.2621835204962453,0.8074423596671461,0.8080165520766499,0.3398589469515899,-0.046207443721782857,-0.5143118619648618,-0.7620430702104247
2.482409093712865,0.6457175152045451,0.4309139125582592,0.6947536958985027,1.2388228989418915,-0.557955840208049,-0.2207068707566496,0.22600977459834973,-0.9359392329615674,-1.3538451045021573,0.004371040365962512,-1.27577368950262
-0.5435601761795044,-4.0943360826017,0.2119122363496278,-1.285720694384888,0.514634205658809,1.011504409337422,0.0885307804620608,-1.3124173472334375,1.3654452218403037,-0.2697426448582489,-0.41672556523990983,-0.1381843875569437
-0.10384327785447627,-0.13342041428675627,1.7034015107281506,1.7809706892414336,0.07717006662590625,1.2122017622991543,2.2505866985104985,-0.7341820021760654,0.5266614917700125,-0.8180385002956378,-0.9180232443926548,0.08837905486425833
-2.9137913743754997,0.6538392202193116,-0.6579180132142378,-0.09757984754386546,-0.9005146374410998,-0.5709726462885307,0.41829834096423,-1.1628324377604544,-0.47816286438621536,0.8137278818137058,1.256891499122196,-0.10273942516732683
-0.47832335418284705,1.2716623861004748,-0.07061607107354287,-0.6820307402952912,-1.5643776123620543,-0.14843362877236999,-0.2745858668232396,1.4143996381896766,0.2044881905466258,-1.5328177057512555,-0.15558970775352657,0.9004267184407042
-0.6493944532383634,0.39918469545085333,-0.7090900938853107,-1.8465860285065923,1.2347859034689612,-0.6822661887600445,0.98831245740728,-0.5312415122064928,-0.19020023227928254,-0.2613247429723543,-0.49378050152506786,-1.1440509997945767
-2.70068391524178,0.3559346322908682,1.0194204998742744,-0.17049966945918368,1.4238384784440639,-0.5479713174550999,0.5614653598691496,0.3838122769856588,-0.463144384309752,0.4410860945488752,-0.07049309302382162,0.07046526215817288
1.1362911530145827,0.9581182801272461,-0.4155917450402198,-1.2543039151559279,-0.5122000596766996,0.36657646051205645,-1.2461633946380208,0.6304088728365376,0.2399016212050685,0.4090845249943756,-0.18394087059487094,0.7512523094582664
2.4983468584859887,0.8279128972752536,-0.825100519806721,-0.028793644897765532,0.7664188253610534,0.20513036354576858,0.49465917931787534,0.6358083864301574,0.804488410827552,0.05552532756612873,0.11132333636917739,-0.1476546186920094
-0.02526279167849764,0.9230338622486224,0.892301945991671,0.11792567433007983,-0.2260529355861849,-0.6309147637149767,-1.1809364388418107,-0.24724402597835846,-0.16995191987680114,-0.6809822488703469,0.305126082999038,-0.07453457458901572
-0.975406192336055,2.2128939537964953,0.15339424069012836,-1.053661395700314,0.946530569311138,-0.1457175355449682,1.0144971059178352,0.3818134571092018,-0.746581001082021,-1.4243444157814933,0.7856312876472188,0.0608413978267506
-0.09538259820616028,-0.351062364704989,-0.08958086172443132,1.0076087347312963,0.8523053732647655,-0.8332638188233953,1.180563466580465,-0.23444817712462387,0.8031613239916753,-0.399188372741107,-0.7428079708991238,-0.15544488867413073
-0.5018902168451931,0.3114353342519728,0.3735441545484393,0.26423564239471714,0.2954386129056779,-0.4088960909659731,1.1962857345478115,1.3728933856888343,0.746234022315022,2.614414093951592,0.500302893449239,-0.471279544722838
1.2178061393756823,0.3009895777345211,-1.7412973563877419,0.2555518613480046,0.32222211953986873,1.2180182750107582,-1.577673681196311,-0.6987952252690561,0.2854260600178513,-0.18623025393513506,1.0800929236850791,0.09908303723655747
-0.07903115526042907,0.09248522756735732,-0.7631136334642622,2.6854451595593716,1.0079027146520414,1.183470412975074,1.000905518000551,0.009586987138268315,-1.1699831720475207,0.8339886934237941,0.5731707887379934,0.7402049641981745
2.873293878969311,0.6198499774099063,-0.09317748390966556,-0.7293763818237764,-0.0020650290991300587,-0.7066440987708936,0.805449283394565,0.20035155401898905,-0.39227583404248956,0.7487234344339345,0.21974120699568792,0.7680435657267
-2.0659686552233087,-1.7924475417193413,0.4493820209805634,-0.5620532037138088,-0.7749391787767721,1.8780522958426478,-0.390938858992203,-1.4616636538613086,0.40700650433107466,-0.3681686866342408,-0.07201310506331776,-0.11435200122807455
1.480639565390598,1.7911047351269713,-0.25424109464085226,0.14120585424682175,-1.423227817681709,-0.6806928353555213,0.10871350224958323,0.11819938004837656,-0.012592017012093495,-1.1970322494711332,0.20062113735421705,-0.710546056557472
3.2030544046877307,-0.1609967541785513,0.032610968274558956,-0.3809522712061349,0.9943689601244203,-0.41550831493853657,-0.38593238986303274,0.1316895097838932,-0.2507024640474049,0.5445938627628228,-0.26362332060698274,0.5582843831954427
0.31115821620219786,0.0031939186912230038,0.6122502922799093,1.7442723714747321,0.3996486735909768,-0.8968055844639906,0.9349651436329091,0.63359358131205,-0.7421164684013067,-0.09860384373379787,-1.315500850949443,0.49364093607596043
-0.4617490810577976,0.021242581051309203,1.1954331613647886,0.004573046323704622,1.1536673585277153,-0.43713656751998065,-0.5942871775098505,1.1075785713512618,-0.5069372429974459,-0.8481979882140279,-0.03307444749066703,0.5050774395440353
3.521814230185395,-0.6082102972891156,0.09916698079374708,1.750415504704129,2.142345303489633,0.6135864612559949,-1.4092411065140984,0.4788494228740344,0.20176550860537834,-0.283170446603814,-0.8706674553697147,0.1280671027812246
0.1249055290968115,0.6445788474849282,0.3876016032076193,2.0911164509821907,0.010383744863119273,-0.457852181657463,-0.8618410357722991,-0.5170073016400353,-0.6478851347314664,0.27377492248617485,-1.644356839326459,-0.905267590361295
-1.275676952985203,-1.891378939620658,-0.710000929703122,0.43268571908456915,-1.0943381601695203,0.21194416623071724,-1.2640951958917543,0.7853478525285597,-0.4566594206453407,-0.1760009760648368,-0.3117556433006721,-0.044159364676555575
1.6850663019504553,-0.2182419651567245,1.695549091657493,-1.6849359261097288,-1.6351957359781126,0.2928965879762106,0.04136194857412124,-1.5372533373850559,0.415798141738006,-1.236959040527956,-0.027702969759378433,0.5505251979109413
2.75352955122193,0.8879582852966438,-1.0929435647930517,-0.5464302748580414,-1.3215839841881882,-0.10124539190900747,-0.36346598021013976,0.37040204313180786,1.2426803618116247,0.3868812756001628,-0.03976664995115848,-0.13431326042893182
0.42033508519418106,-0.06297135915273301,-0.08255781285922421,-2.1272353393604813,-0.06668044167639689,-1.5022830515791903,0.8997102012607576,0.238799985730571,0.06946134103276888,-0.7383231840390934,-0.13794459310383453,1.0242958395991588
-1.5027184243677756,1.1541844853153014,-0.1311014781061374,-1.4333416665478622,0.8192942122844392,-0.6385013013274975,1.5062797033503201,-0.316212720736532,-1.1677273883426411,-0.22093531782893114,-0.47752627020356,0.12021840274433182
-0.8822345395807821,-3.3236624982609317,-0.7905826025044899,-0.04899622127125881,0.954471199384596,0.0398479280529544,-0.8729719889391325,0.8364307689071818,0.08776666067852679,-0.35714341271335576,-0.3376346230516946,-0.26371768734836665
2.3600504262091713,0.5837298892709786,-0.4112976785438689,0.05654367777738606,0.9365475195626637,-0.09640282265984815,0.19639175088923957,0.3294977060539483,0.4460884875995017,0.15380528249414507,-0.2985938762270144,1.1519284777642205
-0.8109342106446731,-1.9068786545337668,-0.9479498415474348,-0.0725307679775662,0.7021240694130377,-0.4369281338428992,0.14822126994917945,-0.22271097697436745,-0.41738884085607675,0.18938289531374208,0.11429945687433635,-0.7223408862448487
-1.8705700171408153,0.018144000257959855,0.7919901769854109,0.7721137201800405,1.4496669513537237,-0.6175844300258677,0.6426632220456184,0.14011214478502293,0.25289331415319455,0.13462987025753623,-0.26145341176842274,0.09034748986512783
2.216010175134639,0.22956674902912647,-0.3362577489028071,-1.0867142685798028,0.9613095378630712,0.8365306976616382,-0.46485578189601406,1.9901508678870072,-0.0863402765760758,-0.12664142939899345,0.47099491662616444,-0.9413399538342231
0.3437303407793454,1.7847930963318919,-1.1575839439584312,0.997818334477869,1.2616742418420048,0.45884203193062023,1.5998206070418208,-0.2816622906028687,0.11450822385669342,0.8388399209350941,-1.211067983571888,0.7663944820622276
-0.7923561389340651,-1.0639421770120974,-1.539174304063905,0.6878093932647931,0.5909847976954369,0.3622395480035075,0.8967781879896634,0.029291603817255592,-0.3638767911376387,-1.0697047312822014,0.010207262913608902,-0.2047045094616539
-2.2389728158517124,-0.34884051154069645,0.303332172509774,-0.7965323124374146,2.3873022557449657,-0.058517692989787214,-0.3613584779367352,-0.15932238422794917,-0.1381148483883296,-0.03853571902511897,-0.7237484910171065,-0.8331986493030895
2.801696209940528,-1.5653760308900244,2.5462436166649582,0.2712137758070049,0.7963227563445666,2.086378454071601,-0.678755253906896,0.8396187518335148,0.028536661662844236,0.01320301899348133,0.0012845138619543128,0.2569703223976117
-2.386619965542107,-0.155644439775932,0.03985136937075532,-0.5653015739618059,0.31977977933071644,-0.6276373680353067,-1.0200416848784948,-0.288226080085998,1.4366240426256562,0.4699060350567269,-0.6986416036450783,-0.31272124736329826
-2.1995299652952762,0.13715186927746642,0.634636571718498,-0.428514267113485,1.4998308993141223,-0.10520209350223804,0.30006007791228717,0.5304995291826745,-0.849025516575462,-0.07012928578370096,-0.5669619100726511,-0.250299755588836
-1.7455444039428016,-0.1437458142412776,0.2370942658306949,-0.466632700308337,1.1913753987973397,-0.10393229852543669,0.4256467699529302,0.8675259808486159,-0.22429732622933685,-0.16780501281615937,-0.5562647113114317,-0.7836141554583306
-1.366158595673543,-0.8173494080217569,-1.2348248152089782,0.20858633697570428,-0.3162500949321159,0.19877359015753965,1.3620776017382668,1.1889810104597385,-0.34747538553765,-0.4162601444354656,0.8588375874501993,-0.9716955552186216
-1.6565663152616155,-1.0721755792519863,-1.0430175268630661,-0.28668118311995267,0.5179593137399907,0.45958114060641525,0.5781528524677655,0.532571908147143,-1.3214454491292074,-0.8011858419903051,0.10456842841461716,0.11629056841449685
-1.6999618991147347,-1.1026953856950423,-0.9750771570628978,0.09364574386009533,0.5828661073820907,0.03676682528811682,0.6558589730464196,0.30294675593864573,-0.4717985863571085,-0.2559813393739911,0.4733446355991272,-0.2976137410013389
-0.34044115509395295,-0.8427629589804099,-0.8277333929286237,-0.171430302572094,0.7091495369193704,-0.3705121206459557,0.8455300087696009,0.6579954648403522,1.1203425155573794,-1.1201074742783508,-1.4663444160845602,0.4762437386321291
4.494782346141023,-0.8798114066694027,0.45974868137906194,2.578910639210234,-0.4733460303581934,-2.0654274279951617,0.30151777986908,-1.508343285434078,-2.913147626946941,-0.31871920543531695,0.12021116871982675,1.0363978636319158
1.1297233643823736,0.19844977757237636,0.7019600091444825,-0.2927468340669701,-1.5664225410370032,-1.813009104408824,-0.5393777715436212,-0.4295259997029343,0.2371205940780351,-0.07460513759248594,-0.06485080193199201,0.6382959645381607
-2.3444251071773006,1.3126196263055792,-0.8395319484912304,1.438975864613999,-0.9143937612812945,0.04333997778417987,0.7701084837816096,-1.0602518454338892,-1.0475394297250196,-0.19364197290755183,0.5980071992428034,0.7416112321191431
-1.8507372168086293,-1.7867435931214317,-0.6218519714130272,-0.19049637650363424,0.3607378008842039,-0.09927094454657788,0.3967791939023594,0.7152068802003351,-0.5729064872044726,-0.38826299046513574,0.2650843388264655,0.8711343222003072
0.22185109488728277,1.335425599244831,-0.29744364308825255,-1.8075468881843246,-0.0030978986278138417,0.665235389095739,-1.3014492953886305,0.3254717364075426,0.0010488101788443482,0.34151652371319147,0.2714840455558899,0.5733134305574197
2.019886634322922,1.153195459677236,-0.6164449604281351,-0.7039336646101337,0.7363793435553113,-0.07887627770516406,0.7903538810229799,0.34510366676191967,0.5395852502262038,-0.017354883345665623,0.43446542437761926,0.9742225843986451
2.369705221597096,-1.354626322174203,-0.13187743605932095,0.1585983966360593,0.41741398416189,-1.187000274893011,-0.3483236281493545,-0.9075006158896494,-1.729080570845919,-0.8623626427791102,0.8319358921478075,0.4265888701044375
-1.735313730589429,0.43850844684430274,0.791017181932029,0.0007809771020227738,-0.9846826258187118,-0.8997044613526689,-0.24421814030325012,0.3733492914495966,-0.2716214149220025,0.9012189055081476,-0.4509047327976455,-0.3163711652207189
-2.06660386799405,0.5797130580719935,-0.03423630987381367,-0.9429112986466969,1.2511408625613771,-0.08057457618443949,0.8335015554396769,0.25896321594787836,-0.842009608621212,-0.6107191805500402,-0.9571611647256576,0.5492892565933963
-2.1322107431163615,0.5583348693949076,-0.3400341424043968,-1.1678186513066977,1.6173992990455284,-0.11848121677340746,0.7343946679545635,-0.18462979281098632,-0.3407768503786137,-0.6003450262196453,-0.9618104584895156,0.2966345803142802
-3.1808491988636263,1.2942090260810861,1.2146677733852225,0.3215383742381771,1.2980663927604936,-0.7618194753461194,1.216387299795183,0.20480293103951974,-0.23582514645086222,1.0088845115073257,0.7821160501490957,-0.6489247332306393
-1.198528578192404,-1.8036117926555582,-1.4386250016059892,-1.156355082527085,0.5299554431871643,-0.15682582831945924,0.46606683308579966,-0.13225086801678762,-0.4724311329870975,-0.5451196257175233,-0.009747105296871342,0.15242140553283365
-0.6843294806587152,-2.4481641914333987,-0.0708595086845532,-1.1261688396063143,-1.4473970828823763,0.8614951759082851,2.285065911028595,-0.2378897396785595,1.150717310298801,-0.49195162838207734,0.420542617716848,0.41888278574366555
1.8515910273473766,1.6362337141413372,0.7131445341077526,-0.36084148805571664,-1.3399128392923172,-2.0463198508285116,0.010402494794043543,-1.2985720754113466,-0.7170833504936083,0.20301191656127163,0.7435875407035554,-0.5746543223776874
-1.5982749894385135,0.6695056384918163,0.17742362737854492,-0.898773562495638,0.0012326733170825034,-0.7477067265800005,-1.1563314564173963,0.04914972513833857,2.1510724313089833,-0.4896129968899752,0.6458553054227038,0.07402594832389088
0.7213349618496652,1.4603003373469838,0.303552722436775,-1.4866457515688951,-0.7732161310005418,0.5909989658393158,-1.041001596919113,1.1113243143215108,-1.1072119433625964,0.34914330932320714,0.42343835207490615,0.9330505885481651
0.45993951749082834,0.3292748506880978,0.6830920644736902,-0.1626327868694335,0.4947982385706309,-0.9874709472704413,0.5184228267395026,0.5623662228758425,0.24785348802189858,-0.9905815952202566,0.6465866585338824,0.27937711107534463
2.6898599983993123,1.2667632006446066,-0.6471490128927394,0.27153855783709374,-0.34102894249921245,-0.23623643636385086,-0.9601519524229897,-0.516345328711153,0.6100069249432241,0.45254361536616083,-0.6389946728472319,1.0015469299101394
0.6735252636270421,2.5313858545020036,-0.189219226788958,0.1994544656747666,0.12551884159206386,-0.21773727877600277,-0.48536665381379646,-0.9077085384470931,-0.28345207852869075,-1.302147457136365,0.37857955905760915,-1.1546949208772932
1.4044396272019768,-1.1603052984988556,-1.2855464711354754,0.26057555745768096,1.2830859121695621,1.1676015865683846,-0.7459884192455921,0.5992637104025808,0.10427587844784254,-0.5027541591391319,0.9715308168404471,0.8791861375989356
1.2096502882044178,-0.2620799733071715,0.6077730912492203,-0.5111211627413753,0.23314439021637645,1.943744990183553,1.8630991799746672,-0.6360656984531281,0.47429370932717463,0.6337395813784447,-1.0063565506497574,0.2588117650170959
-1.9285049090169861,0.8362910101259655,1.6995686249723856,0.902414585390561,1.022010409758254,-1.1422797195951646,0.7271033566904994,0.45011974265718757,0.5846704302216267,-0.05665761195905176,1.1896079517763194,1.2371924670002785
2.181793979679702,-0.7129741092711613,-0.24700197736112917,0.41813320010039484,1.6724771483521277,2.53474659451746,0.05551826321635591,-2.1514918743138605,0.6137723774324547,-0.2682591680381753,0.8210600197920505,-0.3527553937550089
1.5200718325849216,-0.5530552561493958,-1.10957146856489,0.6387177576809085,-1.730233202103432,-0.5892080582980393,-0.5659867959446782,0.061837175560067216,0.6440330778520724,-0.9495281727257647,1.5075795827942822,-1.0092060487290442
-1.179777921886092,1.5601161962686432,0.7404850975500644,1.110275703653758,-0.39288239647580603,-0.07994274904333219,-0.4776941092473868,0.5264366080104582,0.5171381473999037,-0.3985371744597083,0.8169341824825727,-1.2931900841175528
-1.4532095944721697,-0.8931151126482139,2.0276470977370677,-0.655572667100282,-0.0701826560806267,1.370858810564792,1.4594372908315938,0.4045892995705977,-0.09627228332991737,-0.46646814425871946,-0.7795322226823821,0.1773990823974765
-2.3656167546781957,0.8174864537407108,-0.7160087071665248,0.5778909748034787,-0.013441519018671322,0.6461601870661662,-0.601295313237812,-1.1245515657568115,-2.4279882626175686,-0.18811902504436176,-0.1869252921832868,-0.052222556792321524
3.415828763597842,-1.1323873757853757,1.0399322337573846,-2.9269440226330516,0.04569980291632132,0.6647695558443899,0.5249058757815203,-1.040849219978298,0.6751978674787595,0.7420565135570387,0.11750293226083532,-0.04849246473183592
2.4786698427562275,-0.1561362302553494,0.10849870884140192,0.26387480000838,0.2463065050700737,-1.200051833850368,0.26015087761394085,0.4554841744682646,0.08328812016263093,-1.2597733250126226,-0.45196227441928954,0.14647254804664603
1.7663299137132453,0.3485436111115171,1.41803619485626,-2.7886903453615832,0.558494054209141,1.613425592360084,0.8541206120590848,-0.8281443792396956,-0.3221684004205263,0.3894232465704825,0.9182434017031471,-0.3464564283203726
3.8062434299276338,-2.8306270135929195,-0.6230679355542087,-0.5653749849749176,1.2118320772790894,-2.0564552810515857,-1.387372819388554,-2.283819652534878,-0.6087486629042969,-0.3815545541188405,0.21869920273878551,-0.131671021793688
-0.5447395814783377,1.8317666650935203,-1.1226525173484556,0.663831139144551,-0.3946643366285514,0.516073070068263,0.5278726267785708,-0.04554393961286181,1.2533134626334637,1.1758042026828328,-0.6549953895592444,0.4691426120490908
4.21973452867414,1.8567432056638553,-0.4532993040533492,2.8561568984698744,-0.1919033473830818,0.16877307457008003,-0.951461319900617,-0.408522141550222,0.025569084658426215,0.19753750970238884,-0.917165389170827,-0.04185053206406273
-0.2703165731638237,-2.0606585232070467,2.7750035308709684,0.5127149939139349,0.18742493621286882,-0.20532318405933356,1.0726234831641919,-0.8063899028767242,1.2804723923386805,0.7533358614299143,-0.4618064428158979,0.39717485042095063
-2.020899808381429,-0.692609360169543,-0.1954068588604438,1.4655281689863318,1.1247416827149403,-0.2551710354003172,0.716029945589585,-0.5287620009837852,-0.5012313888575807,0.12268476573310441,0.8936428458739217,0.1455011481218053
4.835410659526319,-2.5694161743523094,1.5062234106055234,1.6960988105945691,0.6503180612889845,1.998527572377208,-0.8483165341944912,-1.3243077064150046,-1.756766111050305,0.25258151221071995,0.35002349407825156,-0.4826575149547535
2.7027880356237444,2.0622472269904906,-0.8916389014666201,-0.03559054517240733,-0.4440328207905227,-0.14966133988603625,-0.39831043262146015,-0.6263555625971975,0.5214894924788734,0.42274867756803386,0.030463463975271037,0.13341951365808324
-2.778435434137443,1.122742403704276,0.4538989575005034,-0.09757447609501903,-0.1674750753757158,-0.4134067106430468,-0.2349383684131094,-0.012721112122368445,0.21790097501858902,0.5535122739680423,-0.1983347544711867,-0.41712650177777216
-1.8810036484738561,-0.4446503876337571,-1.3539086732514067,-0.2874845562799579,-1.3766817949286172,0.3351878597997448,-0.10780924243697336,0.26892651308435994,-0.8071085220721711,-0.7294943349339968,-0.19101418422456168,0.8641350915303514
-0.2614433765281268,0.5076863209063682,0.23772880743565525,0.19097277102668944,0.9919429027701541,-0.4956773171295098,0.4211364695473369,0.6146061383738827,1.103807275902323,-1.3578348983254214,0.4580814141570989,0.2604155064418638
-0.6341864288888321,2.168648604647627,-0.537241450918356,-1.5685757898724706,-0.49421190597702,0.1413955004227428,-0.18938868740635917,0.09839846854754779,1.2254223897528562,0.7628119173508143,0.8936412325416719,1.0410818088934577
-3.326415346738945,1.2122187420207655,1.2450210645252393,-0.06460255150642359,2.146447987768595,-0.3376589801044854,0.5044897567380895,-0.39595406222219626,-1.1546327597829098,0.6367115047527541,0.1766395651688621,-0.3438333006522472
-1.1470970078891423,0.08982347937341066,-0.26947922989223605,-1.1136658713667236,1.843457090767831,1.1218534539140053,-0.05754678898935483,0.9066046124086349,-0.6831258943738672,0.7471316958222517,-1.0057635945790966,0.8775720585490239
-2.1320319177781517,0.436031409209463,-0.9769386922514933,1.1681750098129984,-0.4261457160095846,0.295266713276273,0.007074556908038211,-0.9618924091354822,-0.5840401834699288,-0.2680292180487746,0.4918239909945473,-0.1350730001295691
-1.236342097262505,-1.4026684025952392,-0.30784603520654696,1.7282186521429133,0.689578002844163,-0.4656587378233761,0.5773314868811491,-0.07128244101283619,-0.10845465486557447,0.0929306660554215,0.48506003483203386,0.3147683616519292
3.7943220210018174,1.3672477213835126,-0.05387733819270137,1.7591760908140184,-1.0527629711864956,0.3495114124911771,-0.686674649580238,0.9500976749113611,-0.3081722099919099,-0.271969102882957,-0.203124467494016,0.6479901179688573
2.0300307789791168,-0.13349741704346557,0.2995977170793391,0.1409332011941507,0.09625257867683315,-1.733315897004918,0.6748331797403414,0.6324065683710755,1.606397686732857,-0.46079833978489926,1.11659309372373,-1.176804311798662
0.7796974402134127,3.1194576445473516,-0.6574279997614945,0.5899113798563752,0.2836309141633367,1.139249884072607,-0.44737333019302183,-0.24094530492078245,-0.03721742951289563,0.07499409082434096,0.3777325389244133,-0.5338700786625475
-0.4698354825943397,-0.378680980439086,1.6160657443207886,0.9097317764852857,0.6584667441658851,0.9001527172305828,1.6100800151626107,-1.3138621257465075,0.5795340397964294,-0.3560285043496911,-1.3520905197736548,0.30942251495981615
-1.491364780023922,0.3263411830263605,0.34248536005524427,-0.12593231347894307,-0.4466794256561751,0.6432398466163887,-0.8137349750417522,1.47702492904054,0.3168482554605842,1.7843839643723785,-0.3428142185885865,0.5582459697975514
-0.14473682915873923,-1.2994368386541923,2.1229209042993538,0.9787215822765187,1.4011112087537057,-0.7708953946610501,-1.2321847102677628,1.5222539340997738,0.6499364892957482,-0.3265279558807033,0.9882896424271909,-0.4177020612320457
-2.548294851092306,0.1232628271136134,2.292185388417242,-0.36501961993817894,-0.9696878182202285,1.1508834393906424,0.3652302568581589,-0.7262001487942245,0.3636329446864184,0.2953968327924387,-0.5121569822555194,0.2945087142959936
1.5080920735727974,0.5187691952782678,-0.5916471324727433,0.3436669465768274,-0.08956697026325255,0.31899949186598325,-1.3791445785075669,0.5494272400484107,2.0262181665739893,0.26963010349256306,-0.11383577383883854,0.536145965909255
0.2986746238809995,1.1811204987891861,-0.3366461468120806,-0.041170973226125014,1.0658979328368483,0.28218704671330974,0.7045016524431605,0.8198358595347843,1.4997401969509516,0.015599486265732774,0.6555382263181098,1.5667730827276336
-1.8676185575650066,1.2550397693430224,-0.476694152895693,-0.715703824527269,-0.3675626924550236,-0.35056250397632327,0.0956958962756496,-0.17231414002819428,0.5005177073823979,0.004317174978287453,-0.4524879524682689,-0.7617191098720958
3.557795536736804,-1.5213755829601043,2.2348381584671118,-1.5406853447856186,-0.19253585591504174,0.1736693735481294,0.3974818455437,-0.971102644486282,-0.7446308183472433,-0.877061252361474,0.280521814857046,-1.7512152550664142
-2.7341412846243425,1.3217993188922537,-0.1571683897852989,-0.6673137607839703,0.2946879955174789,-0.18456649797802765,-0.31387125873253835,-0.663682943889301,0.17811468024693541,0.09134252981066268,-0.6537865078001145,-0.25353696047066965
-2.2941445671991794,-0.39792953187195296,0.41165611983109335,-0.5268056517715587,1.7883230688317973,-0.5574672815002285,0.13336122635983577,0.19883106336076473,0.7125750281245772,0.35874206264298597,-0.23748664981585388,-0.6907915678548622
-1.8684760545704786,-1.0914164725229742,-1.7432948068755578,-1.0938313540285265,-0.9138366036863302,-0.631057300022894,-0.2363851763460902,-0.9791689661597186,1.0037521588645912,0.05802662782585672,0.2044522581662283,0.4123621989554225
-0.8589178156509178,-0.7027677845832174,3.227305579723289,0.9733383703610482,0.08427551057394914,0.8544958077495562,-1.502772880146583,-1.1202905028895285,1.610526928926869,-0.19093740875640944,0.32379281954327327,0.05609125675285178
-0.9256930387440807,0.09437858664637554,-2.3211232811484312,0.6147691278832647,0.6508648662906609,0.270880975599751,1.7610803995211504,-0.7170870766483528,0.3378278513281242,-1.0071421756279615,0.4173096596702702,-0.9648830593068004
0.3987758681147302,-3.553045650431416,-1.9585086774852716,-0.5097358632702205,2.6400349826719793,-0.7738051121451367,-1.894486599064341,-1.559977982033221,3.805362903894184,-1.4865898668594189,0.16933377172168435,0.5879531153245415
2.9046939032480217,-0.047066543203549964,0.2628597133769631,-0.7507267913283064,1.6269178702645368,0.3598159256393012,-0.8812735870672213,0.6523775837969289,-0.7480525683765585,0.10104328567168962,0.4467032639974035,-0.57397765095566
3.4170119119034315,0.2886970041999393,-1.43014823477897,1.0236921463847914,-0.0008519010815298003,-0.12415141896942308,1.786255871823633,0.565153311372067,0.727005565325386,0.6073208871849192,-0.8159832786056594,-0.6209142756291033
2.4288828278907815,-1.804516327403872,-0.8005713407549684,-0.6740604168829784,-0.5254256065991837,-1.9022244790813139,1.0852146238511475,0.003729911381780884,0.6809529799195186,0.050617937834216496,-1.6080787756078552,-0.6432628110104263
0.3525711365292165,0.9530748012117776,-0.18079163150794983,-0.9251066254053943,0.9566411010082139,0.8953788371697712,-2.270257702792052,0.01777473794926096,0.08142308973594774,0.2652700452701942,-0.48540805799937636,0.7367920684450792
0.2164673362674696,-0.3808672829297512,0.2592363740217862,-2.4928773016160006,0.8880273107940777,-1.1864285728494905,-0.14440924284802983,-0.06781390862028304,-0.020139773029542913,-0.9309566158045075,0.14337294280341176,0.5848620419572415
1.6186008542897148,-0.578432425631095,0.5962423383703429,-1.0110288773511362,1.0177883177688332,-1.3566635579767112,-0.3499273909894839,-0.42455427304210036,-0.4003490007903159,-0.9957055374210071,-0.17799563875826016,0.5296369304976842
-0.21107337368114087,0.026629219075410257,0.13743707730476817,-1.1093971679247216,-1.0587357654322038,-1.1249053546030157,-1.0037901925397597,0.4517172150950687,1.3244081498913185,-0.6592598952815557,-0.17557791826554006,0.9427835041261655
-1.8360489422482122,1.611293474743461,1.9746448685515892,-0.7214151405485235,-1.1157796507510624,1.001030906743486,0.6338033846756744,-0.9297427331135023,1.4781082292131977,-0.5999169259838184,1.0460597894021646,0.11712822998543439
2.179272589313031,-1.4411304269208847,-0.5888350006045843,-3.271017555740873,0.0009972430563276408,-1.124915944357399,0.6040580140401577,0.43469962192854,-0.2814990071381038,1.5539958266562963,-0.5826569711208731,0.8274076798205959
-1.3955259327704672,0.19084845765790087,-1.2771362783953206,1.4940258698617386,-0.9665875580934878,-0.2458348262187498,0.304776610654373,-0.9580985164933918,0.017377348094752013,-0.2237107263426036,0.008670462615976867,0.6680972637149108
-0.42019811238812776,-0.49025226890765816,-2.2924806981306984,0.7096548801258001,-0.14641463039031238,-0.08510504143540733,1.9460009137747192,-0.07432511743705865,0.602166368203963,-1.118114126553488,0.0757959741088407,0.09729393600780306
-1.5616818822636147,-0.2208220014930841,1.684547167999899,-1.749641140740831,-1.0977383803506782,0.6639840646985711,0.4555538076382069,-1.7916067963472722,0.1597465215884642,0.4622536795041131,-0.7717868101151425,-0.2663051164991649
-0.452923053889211,1.5083335744058457,-0.07971758524248332,-1.0686302972313084,-0.22848549724606979,1.1497593932613699,-1.2149207727920195,1.1988210917031774,-0.1434798199975873,-0.05015869144382628,0.03246997608429894,1.4195952754229995
-2.126644353539574,0.4443193755285519,0.35442030598451296,-0.2922649422848919,-0.3939748462827194,-0.035277441059935195,-0.6525218930757352,0.5936536691692615,-0.3874343058021611,-0.012678300614248282,-0.8845568679536752,-0.15834947203885277
-0.9956458005532116,-2.056138437306289,0.6005406933110952,-0.8478047197722989,0.2817570766600897,2.0430469853895796,1.0566204297757564,-0.64914121635047,0.5757731738099308,1.6523191484429183,1.0488377804187494,0.29566277722464274
-0.17779397392310417,1.60549931224115,-0.4324934426972852,-1.5023547396679497,2.41842196423014,1.167485024196423,-0.34779481125653067,0.2662097617201264,-0.029532767192598276,-6.595833832843732e-05,0.7252002057630409,-0.4372620289321951
-2.1707901722703418,0.878573560471206,-0.8300143858148563,1.6608156646897763,-1.3670422704524416,-0.01328525778996604,0.8925931757181584,-0.25865075666089304,-0.10382894105074585,0.1223589486527703,1.2759671408585918,-0.5133034197452807
3.5254140143224877,-0.2018643924618168,0.24429415808371302,0.6866001920351241,-0.8748438991411629,-0.14965312618825033,-1.7507362269445415,1.1234625157063947,0.4295884030525634,0.776242134692676,-0.16765655175094682,-0.2595546961020984
0.6721414479069919,0.7944898803421573,-0.42234211838270874,-0.8838082012433318,0.6318923096251208,1.3319443427983486,0.1445312001686762,2.4412060108770643,0.134655202251005,-0.3060965367706437,0.5345383586405653,-0.4067427806439738
0.28755834561467575,-1.2057436350035557,-1.1748588351787812,0.8747083286074708,-0.5044157273117129,1.9645378442627934,-1.451497505366401,1.0738901597624837,-1.3101735541393948,0.45518884145867067,-0.11792810931605446,-0.2709990048140658
-0.25225458918301186,-2.8127329860174823,-1.7150551577872724,0.37082975771443005,1.4716016342546623,0.08802200271252347,-0.47552640471116775,-0.4688932629470067,0.6907228643070826,-1.0507539971443207,-0.858518153807359,0.11707332269355018
2.989706774947462,-0.15413086573738569,0.5666377866633843,-0.3269606432431989,-0.1850598591950819,-1.567285124291539,0.5925239660699128,0.34291539844435687,-1.2841135827200927,-0.6889584026328069,-0.1012052312130933,-0.4324042785488929
2.5447930185453744,0.528573065136201,-0.7181695318289079,0.057525573608238456,-0.8162319857482353,0.8969934763292806,-1.213947158124206,1.343657178805711,0.7203902996778303,0.0317930960772045,-0.025416804808873164,-1.259881224262255
0.11072080117432846,0.6209464851471701,1.3130248600922654,-2.705762590013602,-1.9718834090993298,0.3495312617694111,0.7200116607805903,-1.6934965994502187,0.4977383959879498,-0.6749365760052659,0.20549632019947395,0.11567291592760028
2.3578642548470308,1.1183581872901114,-0.4963663622929966,0.46495297815858183,-0.0034693076832237697,0.3333050383362123,1.1254126118772128,1.354699982951841,-0.2029550884131152,0.26067460326185216,0.017647763926278672,-0.05639722676574738
-1.280235544891594,0.15955848443090498,-0.11965262248465468,-0.4539857033054077,0.37275768245920987,-0.7304596010695261,-1.076246168297297,-1.0892809197476878,0.26064114815192074,0.6181997533203013,-1.3321438466864632,-0.871808877625697
-0.7764260422832419,-1.2396059610691694,2.082477426380263,-2.2012298008993794,-0.353804693921888,0.05578313119960602,1.7377626545237355,-1.2211528557541886,-0.3586440007512848,0.5792684526793581,-0.5082763382918175,0.03638723892787032
0.6977693307316543,0.9164475477674117,0.1345888205100582,-0.5157710221932441,1.8097302730203992,-0.4736029006467345,-0.01120750349827703,-0.4356038516392546,-0.11820950638239232,-1.6057808843550416,0.36604387997421334,-0.21549089635873028
2.535072670359586,-1.7893694116431549,-1.6254597084891074,-0.9504342849036503,1.8092503769066863,-0.025551060810512036,-1.091473359425913,-1.3773600936398351,0.5735220685772113,0.345302467114464,0.888107290050774,0.31001118973571634
-1.8161301571210235,-0.6056693160493388,1.8130687571276891,-0.27093462846926764,1.1149788957963704,-1.5686883741603221,0.17844834235987264,-0.06960761703600586,-0.74204804382408,1.7192266356668013,0.2202630735849181,-0.705234188283609
1.509262852307556,-1.216399837411835,2.211575548443838,3.7356346971132397,1.382220649033838,-1.1975041329256197,-1.2091103079603065,0.7750537917700029,0.6224603982282191,-0.111808124615359,-0.21030260926368408,0.03483670123527285
-0.8820361560642469,-2.3879588624374226,-0.9004707573387833,-0.5585991990037145,0.9056758732561013,0.42155645941403386,-0.4572186744617403,0.7010029990685614,-1.1504541713227876,-0.8297059187245409,-0.20307078327538042,-0.24991523366510296
-1.9067857632208371,-1.3415632525176133,0.2606675841455292,-0.32233276317092135,-1.815165239307467,-1.002680720400472,-0.37752938745948156,-0.004273415389379355,-1.223526384968292,0.978397661996799,0.6924542768644234,0.9265424575662413
-0.759019553428308,1.3060486592672822,2.1162669897531847,1.0715404547993346,0.2688202402387518,1.3344132665277053,-0.15500061729352282,-2.514286444265062,0.9949143938952149,-1.3783607480771072,-0.0035149062367120535,0.8444864228849065
2.2090282477102905,-0.5617060403027245,0.8544757070441791,-0.599716039191099,-1.580352601674361,-0.6079441852230507,-1.0708945437616069,1.2324060244639679,0.21618833813514354,1.7862407676990633,0.9076108174219876,-0.6507905328080461
-0.6178320212548737,-1.62127458478064,2.6835959070883204,-0.6890581393896702,1.8182528973276832,-0.6481936230328045,-2.1383597371755405,1.2262696916820108,-1.3781779844168192,-0.09173906037054617,0.5304022958796064,-0.0682611392982139
2.449192784568296,-0.9636749972806774,1.033932913592219,-0.6000317803297811,-0.24747099117531224,-2.2775053124131803,0.22644098809653124,0.10192841382890226,-0.18313280564634382,-0.19819659523336258,0.1776242906966118,0.5467396028435823
-2.199150829072313,0.9715042616287459,0.22244874126436273,-0.22747442183182184,-0.6384704094198531,-0.07207068383484978,-0.17387226086529067,0.5656513792802129,-0.401011546627127,-0.0074421250390648685,-0.6918569924330734,-0.19261802441433365
4.080698294915625,0.7440104165675935,-0.351299625310792,-0.2933077331728961,-0.26079039556548494,-0.8477124635616679,-1.4000097450739537,-1.3877101191362238,-0.2391169022979033,1.3116901073221139,-0.45030033585245804,-0.6624466668063378
0.9496858764996824,0.9027265150786433,1.1200739468432992,-0.5670588110875278,1.185392884486334,2.8061361136462235,0.9014082144454438,-0.35547790645033434,0.5474787087942293,-0.5699835114353387,0.5500594205366788,-0.23726327961775467
2.1395468194875145,-2.2613144789621695,-0.21445853093648232,-0.4312602671485054,-2.5862061151725353,0.5131455018042248,0.6883879942321938,-2.132381865701278,-0.06054317017382493,-0.023713404397374876,-0.3518400238565478,-1.4116237070578572
-0.06916295705418997,-1.224614516205379,-1.386713131393338,1.5656991773668065,-0.847514305155857,-0.38954697220318596,1.7374754250816866,0.9903090946682926,0.37771023309603075,-0.64223530934637,0.20577733017718897,0.31229362849315345
2.3861789359056353,-0.1521054988553588,-1.6180597414282634,-1.4504203262276743,0.13435475027812616,-0.7196497672089702,1.6381611045641136,-0.027263254188367954,1.1166285426267888,1.0284586297348097,-0.5647656825673104,0.09879159796330152
-0.1646048310597843,-2.419775182498842,2.877321737632536,0.7765253141172374,-0.9563296812916595,0.48006283256249604,1.3876975576060733,1.1252298369976186,1.067444619089828,0.4270618144412705,-0.10805547587444625,-0.6160960632384284
-0.5339698372638766,-0.23514332631624477,-1.593352780126688,0.6758391041868825,1.2163647667912316,1.6663959168977236,0.6525301247287998,0.2724278268445618,-0.9806399537590625,0.4076911221807851,0.4178505574064145,0.13023146105850258
-2.3792966187270297,-0.3068697335085944,-0.7039035512328848,0.641302397952998,-0.6169876711078425,-0.32746527742083026,-0.41464340438169695,-0.6002885361581931,0.03383473424605103,0.5241515883591197,0.5183852817925513,0.023962004257670828
-0.980195721364899,-1.5381245373924821,1.1489745026433293,0.2938029125976314,0.4723342449188917,-0.6933012053328168,-0.0029419029363435736,2.2126586038191967,0.5826920639430402,0.6887394195315127,0.2005699095377278,-1.7283273412773008
-1.9145599393381798,-0.47879589586040755,-1.6915033655336849,-0.6562143902161486,0.6494665067631816,0.1931996975980229,1.1416768211063821,-0.21654819470790096,-0.44367711625978445,-0.8075790883093905,0.27367040204322574,0.2377598328877724
-0.44171533826025866,-2.3718832534042233,-1.2518705966211319,-0.35378997003178453,-0.10923190636980865,1.982792806401611,-2.4399872964368576,1.3314992582493768,-0.8070117216789826,0.6343637694696552,-0.6159989650827609,0.035783479048272664
-0.8522495428071278,0.5603219009460153,3.1007997159432197,-0.6950256290903416,-1.8911202271618428,1.1893957465572265,-0.07894269911648914,0.15157441258802687,-1.0520669311757165,-0.7409127583235005,0.2720658291950043,0.8925597439135149
-0.6445193415939721,-1.3730715359578376,-0.8753216673618067,-0.33469713398851864,-0.8558944928453548,0.1540191030239754,-1.755670726141213,0.7095668398284916,0.8748660282201058,-1.1768991559983881,1.0440406370316466,-0.06105667520600467
-1.5276265302590166,2.262037743475477,-0.1728203098275476,-1.0352124621970757,-0.14606432144017575,0.09655417428752812,-0.49554223432399414,-0.1170457589635343,0.03517584909360781,-1.3262679004047735,0.2186404161249867,0.1614160218136077
2.5407776789992886,0.2372198524208583,0.0077653897948061585,-2.002846605822308,1.5096214851114185,-0.26373962597888595,-0.301857205686386,-0.5394100914392943,-0.5619378682957694,0.6981704457926101,0.9217362619102017,-0.8608597150264062
3.570607452374114,0.5851168887612646,-0.304881293442067,-0.4375017724137387,0.7122546180654364,-0.672666424377493,0.29543340547689567,-0.15987686063612852,-0.13129510421269083,0.5957064863732298,0.0775032861626065,0.2777345158058107
2.17062368125459,1.415013264531197,-0.026011231071068747,0.17212608591554907,1.065489490901488,0.8752360390718861,0.23224396345532916,1.2904484154335762,-0.7344167417983954,-0.24308495804008526,0.7169594639421119,-0.5211071337779327
-2.1251716424766602,0.013395042572710998,0.3064715862762106,-0.18822222962765875,-0.4833922141483267,-0.45067126081725284,-0.6279757792105649,0.6596100512925069,0.8244841088584837,0.3999945014544461,-0.5018493142183965,-0.5100650875274975
0.4399629873140065,-0.7510184736774973,-1.4852261295701383,1.0730532945425832,-0.5535627756699427,1.3646315067865824,-0.9966474867333776,0.2662396645286159,-0.8602765409147065,0.6158011933367107,-0.45412943948946033,0.7561805940673475
-2.945939344729421,0.6791114908635512,-0.9371855793639007,0.10229586488235731,-0.2078476159880753,0.37646459459045295,-0.2047768399296535,-0.9421886421227087,-0.9831518405571226,0.04177203662543056,0.6676727899360074,-0.43484497360658986
1.0112367340569748,2.535722363864982,1.2032210641130583,1.6238921853042243,1.3208629541977255,-0.75868923794838,-1.4619171865167317,-1.7539538850693557,0.22831174889024988,2.0779065321067036,1.0895154621442948,0.2620545194524475
-1.0790279883816372,0.8073364322085591,0.3969771659601508,1.3280520634282733,1.4644374838820067,-0.4532618455586829,0.8869851030619139,-0.34391521849053547,-0.5809380198543803,-0.06529027582019524,-0.917568874684738,-0.1418380699014584
2.6490401123906366,-1.674080420682054,1.4774568750591326,-0.41866659867648376,-1.4455553431274972,2.191470137318533,-1.3589001705254036,-0.8615474181987551,-1.7780806981090422,0.24347315435209207,0.8965578584455015,0.8426375241401624
-1.2442495352791934,0.9935684886728448,-0.5845160549610465,-1.4332084179951652,-0.8014626503076715,-0.519403934542111,0.17982170624802585,-0.31972781999770256,-0.2929305459008616,-0.18709496079894836,-0.9147138241877041,-0.19013182089679345
-0.6168150361021268,0.7254313112459625,1.55728526579445,1.6019062098016046,0.6684735907232767,-1.4385264625390746,0.5992041829665886,0.6047846231479549,0.9849516561005022,-0.12467285483482776,0.9804181341515498,1.0517129078414682
-3.153028115186902,0.5272061977392531,-0.744053217341854,0.25070441238526275,-0.7374977248426956,-0.2552003476592602,0.22348932615604478,-0.7311347175708329,-0.11740357788632831,0.43728031504073134,1.0450172804405045,0.286567837075792
-0.560031663858338,-0.3485006976977245,-1.6266980332194507,0.5657675367649506,1.2155680675694345,1.6820439192210381,0.6161040803271914,0.3284922290896583,-0.8728795302575151,0.36799948220624035,0.43530816112788295,0.1296910422238769
0.734710162634668,-1.6775711221731262,-1.8683172802915546,0.35893315261301084,-1.641259912423977,-0.6918587661975026,-0.23353769094650684,-0.8590293181914141,0.2081127539717193,-0.2007800033779518,-0.736090330963963,-0.2673213664342963
-1.5206119892580203,-0.7249997779087095,0.02994163596542458,-1.0480516889405842,1.1705003432469758,-0.09084187762193359,0.1321083629629709,0.844462881235656,-0.45063093622299744,-0.733666715619151,-1.3678157695971718,0.6359215994372962
-1.9472720658475398,0.04388623262551132,-1.5615540873897678,-0.5359873959744208,1.6510727686420563,1.0741206267778123,0.6554119150488658,-0.3759988021164192,-0.19188329048167552,1.1959166438491702,0.9758597547733098,0.4630817402444628
-2.2057679677145012,-0.8778831459777496,-1.270311342769467,-0.4701121175577248,0.6589267165963589,-0.23786922167292496,0.99689630359953,-0.1884120292055995,0.12191370904778494,-0.3386338885326053,0.5700634147794778,0.5518254680094915
-3.257495579554627,1.2857837094636757,-1.2893862500815167,-0.157194613268226,-0.41025058872386594,0.026855695915081138,0.48763817937712084,-1.4011595019104244,-0.5065521916713627,0.0196626266173809,0.7862587379909928,0.35652673568927445
3.3755597239038875,1.2809358922701624,-1.0655465932189447,-0.6633410545091442,-0.7694271258963392,-0.17259634525800271,-0.5730509852813409,-0.2916827213195755,0.7671278669749941,0.5832187423958901,0.3058389802273292,-1.251955776705687
0.7065194715762527,-0.4243639808801322,-2.046083554157002,-0.27293778668134666,-0.9249003840540595,-0.08403677661127089,-0.039370670245276976,-1.5520890542849959,-0.10740576956798867,1.3069725054740275,-0.3040066132329255,1.7215165850142753
-3.438619665541156,0.7878361880219801,-0.2696349264006347,0.6065747759302874,0.19868062428854014,-0.10058044423253738,-0.41161002657909823,-1.5043970454869846,-0.9791319250636062,0.7179883794103149,0.8818642796803452,0.03035456237828903
-1.7917611191344538,1.5682199202132558,-0.7944457163399725,-0.6334271856749447,-0.7855360109168079,0.1456295453486745,0.40753603496496493,0.2667720690155322,-0.0958304274562377,-0.5284079333988047,-0.922764889822647,-0.5711291269525027
-1.5251564002774654,-2.1902254685585887,-0.4516428790268436,-0.46453430077914876,-1.1151627564975801,-0.21610676983395566,-1.2981432117664715,0.30399694743254047,-0.6920930532999587,0.0782159506899131,-0.16132190685721798,0.5833401102978497
1.6467441690099782,1.2073703213049853,-1.3331146180298719,-0.6576003616056414,0.024348619399367995,0.2761165544911008,2.136554508211452,0.8625979743754397,0.060918231646594705,0.7091509139889568,0.11241737718085125,-0.958346466394608
0.8067799086077478,0.37865701709794464,-1.0583921752726304,-1.6759702145449118,-0.23608630302311412,0.09471177291714213,1.647367726024369,1.4890285336058349,-0.008151764735063618,0.8761650929439433,-0.3847300293270514,0.4514766680698859
-1.6297630899136193,-0.7208408379624541,-0.4273739778392127,1.1771247145440216,0.4787059956833811,0.12485255557826497,0.9801649405825141,0.21573136474012672,-1.1360413355022954,-0.5130815301929994,0.5711162353233666,0.4825604128208753
2.270052023006818,-1.9142172750358704,-1.4852498304984738,1.7716934043423465,0.7929237018700875,1.3574241468843131,-1.5598871853996605,0.27153554652459544,-0.9764858868019115,0.8380803667555577,-0.8339557055655689,-1.2541875724659033
-0.0025442752154958485,0.7043869348909684,0.30970532244785504,-1.1781189621685637,-0.9587601564574163,-1.7227535570601211,2.319960398085018,0.3330700594463853,-1.264094895409268,0.8967857767068427,0.14238134744567377,-0.9122814293217002
-0.1472068691110307,-2.036580668181175,-1.4541532015750196,-0.47613980191541255,-0.7091402655160665,0.02129681081101874,1.0857581313090512,1.6831550866985012,1.1695109572593103,1.5917966007575632,1.0314112510108766,0.7545718128260519
-1.77656035695422,-1.0817770303479,-0.06932326052785752,0.09172882284848174,-1.2208867601613467,0.1504515160262842,-0.884675367702886,0.4213396992992435,-1.8915407299477498,0.22445376107147366,0.2805980227932628,-0.19651794343809872
3.0519194266583973,0.17124523633811753,-1.1755684011303085,-0.20628924457978712,0.6927701477739359,-0.6215803203710716,1.088760016398856,-0.5332044224724948,0.03497062355127722,1.4821374577774837,-1.0121171236281028,-0.8122171111030161
3.2451816489008736,0.19744922428262313,0.5097763583981069,0.7389212617272968,0.5585585985873927,2.3258153286422094,1.1884107687755945,-0.27187801693983527,1.7565075391003204,-0.8338579775608972,0.11351267696306455,-0.6024166586501646
-0.19607542768913924,1.119759229180887,-0.10947661893035802,-0.9824553381592398,1.2065629173586745,-0.23781083758152585,0.29074403570631396,0.4033191036747937,-0.0027153933337247717,-1.4145375649883265,0.26946476994019025,-0.3751355833634906
-2.0929576467695683,-0.7519079318458476,-0.5903559508363718,1.2629398872532756,-0.26240303128949,0.043627655203193456,-0.6991406629627348,-0.6005085384438127,0.25011119864517434,0.12777921304671538,0.6520880036577089,-0.41508861387924617
-2.604684902138851,0.5869112383581963,0.05603104198077417,-0.39196509626806725,0.36928360171764635,-0.37915660224071795,-0.7132065105630927,-0.36661749187752807,1.0095953946006249,0.5329324442919711,-0.331530714033935,-1.0521959418483227
-2.66070323023317,1.3683345409344692,0.007228444514042961,-0.1811538671104954,-0.2126597786240723,-0.42193199402103165,0.06388038469471152,-0.15517111085516352,0.7520363202227862,0.529298216901464,-0.04546769569748116,-0.9602481908528334
-2.8380474312578916,-0.5526111594216441,-0.8457721113830877,0.08377770152377007,0.2154462648170271,0.05829120319921794,-0.9804787743061227,-0.9405670830398837,0.32316454099326347,0.4599044790886263,0.7723716374293811,-0.9563321291745391
-2.0901581084516034,-0.44976775118491447,-1.4755537321024073,-0.4114639182396577,-0.3434432454213411,0.5999661824151165,-0.7283512895183302,-0.4884003564809705,-0.695590065745989,-0.6045156240885033,-0.15652976872966745,-0.20471891494626657
0.5412950110686064,-0.3265823202537572,1.1026696321842857,1.1471318448476018,-1.3112295806073464,-2.274101012641227,-0.19569148773040196,-0.49806143452429513,0.401946488813484,1.6599599464431258,-0.3739012083341186,-0.4976232995725987
-1.0969790892562645,-0.6599922010424415,-0.14676753204220094,0.12978528522151836,-3.0863186899845862,1.90724381580528,1.6351171574719832,0.27020824297590823,0.5448683683210601,-0.5865011261004965,0.608553026210377,-1.0210647267071997
1.4014976770389485,0.3920816852641862,-1.5296628979997793,0.5571135226919166,-2.1233924726752162,-0.24024836522302354,0.8094637732555563,1.3517486596317658,1.224206292786079,-0.9694812100354349,-1.08111331302212,-1.8235022719294014
-0.0629954831319616,1.5261462669233559,-0.36167889249026236,-1.942334015404425,-0.9120828403969052,-0.9225478560747781,-0.2433663123939392,-0.2977311260221908,0.39141128540219644,-1.0824790339783852,0.30094789940630634,0.4924675266884065
1.0307639169806664,0.8462693215398088,-1.5507571028974547,-0.3828463641129369,0.9484118751167192,0.3901158340739993,1.4845681329446831,0.07313341539475289,0.7488445549400308,0.8358683785793755,-0.5514190667171193,-0.8038758652441179
0.7120933744307454,1.3740472413529299,0.5140029304139881,-1.8020146770862868,-0.7178343919009904,-1.2632880386777086,-0.7903415079961709,-0.8074200085227444,-1.2322604204965608,-0.4613672489381152,0.24285078057485202,0.09835375690834804
-1.3519477033713394,-0.9245365599243014,1.9522664246933894,-0.36243170316717205,-0.6910823295522754,0.9465002269753928,2.000925526582268,0.8191987368047812,0.9529018388009608,-0.08229034921752441,-0.2227701006455688,-0.18214890722449742
0.7972882106328724,2.03603865059105,-1.0829898599577554,0.48576519209217245,-0.828195078738738,0.8135354140969219,0.07282452136904433,0.6931814056641731,0.966545527063412,-0.017228188345130655,-0.3466780415910432,0.8117201603616007
1.7961276864409348,0.716953471366312,0.026146203298234822,0.6226251382041738,-1.3682921177897636,-0.43070072875084714,-0.7064098361452932,0.7338618015084308,-0.06954999389223743,-1.201287200843794,-0.3740253829075676,-0.8948056404577338
1.6106228480365024,0.7064940299214151,-1.0172472258533862,-0.5141973185089819,-1.1699890839013678,0.7463233570384631,-0.5958801116745186,1.3700223495809358,1.4663679270104002,-0.2013231498084677,0.07489816095022442,0.04952606640402076
-1.8128096687012965,-1.214098369730436,-1.2452287213039235,-0.1906766649357294,0.9462298807048846,-0.13390187721541963,0.539167683386469,-0.2323013959390832,0.08569392729786793,-0.24550351656574657,0.3588535077931803,-0.08659054433252762
-1.4537615445745877,0.9422951246041726,-0.73550987251797,0.1853704928040859,0.8376894839866873,-0.09652286518861959,-0.6386597218415334,-1.550994882254601,0.4850617281992667,-0.5374501013296387,-1.6546303831054499,0.010821522636657411
-2.362119034954222,0.5550258929929461,-0.9149669397429745,1.0652581603587932,-0.32171054796799575,0.2988275803951005,0.020870930073307314,-1.093024250659276,-0.6759117916399214,-0.2663702953384331,0.5497517735982088,0.038656793198096055
-0.8257216824266742,-0.7378956864117918,-1.793833897776272,-1.231218584933448,-2.397656655786935,-0.7678835052049353,0.6840332243481833,-0.30150206897680054,-0.27982149174199006,-0.15147742127385452,-0.025845845993499764,0.7814863819749697
0.005954082381555027,-1.673201711025478,-1.0145385296868774,1.6996170845284875,-1.855976741649177,-0.13644934170024098,0.7614276907514901,1.6351878037767718,0.023318885457854613,-0.6696103458443592,-0.048388639679557144,0.434374717614656
-1.0987563034482974,-1.6928063950023817,0.9162036596690305,0.01583438095701712,0.003720987417152475,-0.5507676636645583,0.20207340602024618,2.538857109826968,0.28408129503623336,0.07979239714324216,-0.5536129784645416,-0.1374551400234085
-0.7963819746840713,0.6607595435961278,0.5650232270806257,-0.4690268674519771,-0.5621817756603378,-0.7182983736971654,-1.0917595253343924,0.7490817911020755,1.300619919654491,-0.4423841026859449,0.7574578820003721,-0.3583004588320653
-1.5060392432123897,0.06681132590176318,-1.24944737353471,0.6655395128813878,-0.7635127143267549,-0.15536170887012496,0.16779316541732167,-1.2360687820379193,-0.20463514280684064,0.015492727961014656,0.5511609542950852,-0.5773623308731818
0.004494071183968401,-2.9456273084467197,1.1013343471993715,-1.5422879049141514,-0.22085181987878988,0.20689632731193383,1.0396888497908345,-1.5358607595754528,0.045647149693768034,0.6664703583445406,1.1817368535824087,-1.085440351617746
-2.3598585976093767,-1.5646067748792523,0.42729156101475435,1.1352367364652989,-0.8361588514399253,-0.4640395206384791,-1.226669044924883,0.41595012725465735,-0.2658922199510859,0.9441991940909472,0.6142976620801534,0.2886007594844634
-2.4758427353079338,1.2063083376058568,-0.010902044290677053,-0.4480780629558791,-0.11585031085257902,-0.10286241571800965,-0.23739185761137543,-0.10885359984035574,-0.0832919207160918,0.051498712216638994,-0.6414291009736766,-0.36672808065134305
3.208935031068594,0.7421491010959399,-0.3277184962426388,0.883533243813191,0.03454577827352099,-0.3175519807993711,1.3308622450618421,0.6342474634521417,-1.4964311345007921,1.2481940810726206,-1.0010464031331279,-0.04282048834250822
1.5709114322786777,1.3777852621943711,-0.9702469254448696,0.2278783273501016,0.8801038387769345,1.0374362663441163,-1.4927900865778778,-0.3720898404048905,0.6792914334459387,0.2575228856183971,-0.34367535243666636,-1.2867163920743905
0.5790677806418573,1.029225658677309,0.7509355071360952,0.048319484295221184,-0.7437118250208637,2.540927435943069,0.6543041924073743,-0.9462116703954503,-0.03907083310101999,0.571510793242109,-1.0455861442855678,0.13230832172676768
1.3759859490304136,0.3532469605989114,1.7579459794458838,0.31578530211117795,-1.6927518077511243,0.4343587443971556,0.45421112089086135,-1.2426886283324146,0.7260974607667249,-0.599951239383437,-0.27712709259174806,-0.24881794514557865
-1.2099090110784465,1.4455510721325728,0.8669889600332651,-0.8173233874891862,0.5948281497505871,0.4292985307327484,-1.857606857035356,0.05733621690508592,-1.4393791149362498,-1.16335667804155,0.03552581157646866,-0.33597205991944246
-2.229516247242551,1.4814549977806062,0.1699300781383093,-0.03563843054706651,-0.5954646731164348,0.12413351147144697,0.025310810640293224,0.5161893008615741,-0.6415572614829882,0.051340684408635213,-0.4463976993280317,-0.9422171896207839
1.6919656181243277,0.5454820265684995,0.08030593710613122,-0.8462096395975737,0.388757366680037,0.22580642567449408,0.0808167201237595,1.5388924560487507,-0.6215852245063171,0.3098798637648485,0.02707464701432631,0.9097953735345008
0.6604800859732985,-0.7212406361208917,0.5669856969585199,0.1573014993800735,0.2947732737707113,-0.23513008233755212,-0.3633082033608891,1.961459005003876,-0.6909806287547399,-1.2138914019414049,-1.077633404692838,0.41516194228929254
2.5849106987843804,0.9196224001533589,-0.6040864482681322,-0.6314267216758094,0.12350203152891365,0.18965475862937245,-1.4427850184231499,-0.6142202520327575,0.330181960483452,0.6560057399512401,0.04958242476053444,-1.1585704954713976
-0.25097043207000197,0.012682124396374046,-1.771270371904657,1.5156598925361744,-2.6121205602742577,-0.06463380994624703,1.116915759024155,0.5630737569879883,-0.2488216695203282,-0.9576154054961836,-0.40596689461275653,1.0893056207363587
-1.2209175716306566,-0.1657438422165232,1.3823727178245315,-0.2879605665798409,-1.4561273495363416,-1.8725401098029064,-0.2125349100852277,0.24202019178907452,-0.13244327056310254,1.708643466079165,0.05013563820127744,-0.16269041072611973
-0.260926477829096,-1.084616369708311,2.3035616557540686,1.4989112670079199,0.6515946335243991,-0.7747345402630407,-0.7458866909776565,2.1467524564220546,0.36321400255144065,-0.359001183653646,0.8367335844372493,0.27840558203230564
-0.5226473061997727,-2.4886830437524705,-0.6638495558262535,0.4319314027731345,0.027344702812789924,-0.3688091865151386,0.4490598389479849,0.5589710642994559,-0.24354487099563688,-0.39673652062761827,0.22493294232754996,0.30415342491264213
-1.9676593254958323,0.22003529158901458,-0.8328382836495095,1.319360525095463,-0.32044278805337306,0.618626360820045,-0.31995889170370834,-0.6237229391338515,-0.8781783319678104,-0.26942563875672804,0.5674837194778294,-0.9953123418644626
-1.1248116499366112,-1.0105673313177868,1.304748944321696,-0.4918165001330706,0.5135273352515878,-0.9520200784438717,0.22692854717871275,1.254056218887668,-0.7592679714321495,0.6429297998526051,-0.14564509935353243,-0.46679389100585533
-0.7832746030897515,-0.18177902224790699,-1.557249529788264,1.191854222521856,-1.5821571571805029,0.49318190275974155,0.2876287628905867,0.2507148591182739,-0.5827813631816391,-0.937467062238909,-0.16274075526890447,-0.08388373620826663
2.379762776160877,1.0298026456995462,-1.1323643347067531,-0.3800379086522033,0.35539505477382444,-0.2127378761783259,-1.2573078690938024,-1.1638433770238032,1.526770446149663,0.3874985007121037,-0.5642867157696151,0.6047235093407688
-2.4290397593481154,0.6067516275795622,0.18448493445408864,-0.5258115788058397,0.14686773437300168,-0.0854169271935233,-0.7774352695575035,-0.07852302809694005,-0.1167373302547303,0.04638598981383863,-0.8772196971770829,-0.18313934516538413
2.394079719128075,0.6472819109212455,-1.2695719801653698,0.40829523471723195,-0.3161172304816386,0.4415523275914908,-0.004639191972557457,-0.26730673353077244,-0.9675539125881776,0.1704715231930314,1.4923198032683795,0.39464478683707865
-3.099003162601008,1.7553639482522883,0.6591740816880712,0.0930970548958635,0.07105226539966097,-0.24300607699434013,-0.1380196638833625,-0.27873057906659554,-0.38969553709375093,0.6681487909608672,0.011669879057058238,-0.7339499709769434
0.247171109016712,0.5822067376729129,0.7720624441827533,-1.359821697370378,-0.9808660441547947,-0.4246842451080103,-1.2633337195301706,0.8523307852822135,-1.1663780617047645,-1.0556634929359148,0.052710138268838094,0.222898175399498
4.054119201703808,0.15373569318218713,-0.3641489437296464,0.3293245120527927,0.14017239638433981,-2.6067666942421743,0.07031100708517565,-2.6543493265694176,0.361563645546333,-0.19581866685152194,-0.8794818661003021,-0.21954445534539885
2.9710464374970584,-1.778399416730051,1.1684574825254592,0.35895031438123026,-0.12350548821148763,1.9294338207953912,0.3255984782652074,-0.9244884463183543,-1.7931536815417133,0.5254597941884968,0.5402945483549385,0.4987687173241739
-0.6740728814785371,0.9402649557921618,0.7239135596156347,0.840392554410983,-0.8020962969126509,-0.6073599922501788,-0.6348739404337556,0.7325098439891848,1.299005952117101,-0.7262104418822922,0.6369057815019296,0.24441251889188187
-1.3311857633507822,0.2832287682568314,1.2193066587553665,-0.4112973861619515,0.7559977728984989,-0.7130204976773314,0.0853360933436716,1.3734174961243546,0.45811442979285716,-0.610697465412179,0.9597203163858462,0.5664060339210802
-1.40784033688449,0.5076161255018359,0.2872965299637817,1.6995809226155538,-0.3380375610000798,-0.5898948427962454,0.0529281723822998,-0.2885143956247613,1.283745019521657,-0.11012269309806816,-0.5257242773979405,0.32474290824713353
0.6948245515667063,-0.36332757457130843,1.129508042444139,0.6774576699076792,0.351114878512776,-0.5356127952538524,-0.09006225423381882,1.7459065124578423,-0.10964650865018226,-1.342766367002409,0.17505497132595974,0.653369166331224
-2.042130272071945,-1.6462543467807351,-0.82851332701231,0.31013614782312515,0.0249329245763941,-0.3437294628625937,-1.470878808900472,-0.7469356028173066,0.7714498610894687,0.4780668134712016,0.03905497266579,-0.14527367007464184
1.8216846866385308,2.9600545426315743,-0.48876304360651046,1.9651956944616025,0.04437606747736534,0.6516984376570206,-0.058993234340124975,-0.7177221985251521,-0.3118726481678171,0.1796696432457625,-0.27631099208285703,0.39032853411942275
2.9454867168331784,0.5671311472241924,0.4024160653368325,-0.5813114524853862,0.11953478467840917,-0.7196627092003115,0.14920209197007928,0.6856734044180475,-1.364510969108331,0.968125655786188,-0.3355504365106337,1.328829955277831
0.026664583651524888,0.14235091778431708,-2.032531870381631,0.5760907625497996,-1.4006367117974035,1.3803376144046058,0.269163354282874,0.6710950489290362,-0.32332817861527136,0.35921173636619264,0.281786662916603,0.6968615748275137
-3.126641027214084,1.7999507203587974,0.8491671914325619,0.1574955276350165,-0.34493296447960553,-0.38135159670454705,0.10593865512593674,0.003462590033539919,-0.6264890671029054,0.6326174623095008,-0.026638252472868832,-0.007755785585832686
3.1175884409598202,-0.6558406860517603,2.049085446408544,-0.29814978437898965,-1.4220081083891647,0.8281708323540822,1.6555530728874357,0.5997203585948891,-1.0903689117449842,-1.1048864453702887,0.21687283706410615,-1.9559276577595852
0.9918127148262345,0.24267697723399478,-1.5418509173707078,0.453887969176666,-0.7310833967445486,1.60659757420442,-1.0867231193944713,0.7415955400159516,-0.012713166861012083,-0.4432993077205678,1.3159395899560185,0.12077730007944626
-0.5770792065567806,1.4928732743162925,0.5952279235310801,1.1141364094192763,-0.09062902143467261,-1.094985814308051,-0.5902841595680681,-0.4089760151691952,2.0925647484064585,0.001641701687813762,1.2467528316098795,-0.9794803597935084
2.756653190755524,-0.14905447649005032,2.109871023245921,0.1469273070841272,-2.225396320436671,0.14048727317471946,0.032714909774077504,-1.1419725095880808,-0.4420328569940809,-0.871204338909731,-0.9028537147650952,0.6658521388386069
2.4537491777085636,2.3560150813987804,-0.19983663619484918,0.12720476092068195,-1.52961143465281,0.379781578598332,0.10329089798224768,0.996894767410528,-0.7887706092744324,0.20159367218599036,0.6490962269265782,-0.06119053593685767
-1.2092713956221146,-1.4121408177629742,-0.09819943258270632,0.6278773941457999,0.35077669081855145,-0.8805374149977916,0.8842322356444748,-0.29727618796073213,-0.5235562753907089,0.2868071274964103,1.0641944103885732,0.46929778051570586
-2.6230221695495293,1.5353612991915355,0.6058119382798951,0.0005780936378635479,-0.10223356750259718,0.2041772108290288,-0.36924926799803964,0.17701556179966974,-1.2690978561834325,0.15837283014445205,-0.5166446373052366,-0.6478747176307544
